P100ID01,WST_2007,WST_2009
101,4.444444444,5
302,1.888888889,2
702,2,2.666666667
802,3.111111111,3
1002,3.111111111,2.444444444
1202,3.222222222,3.666666667
1502,3.111111111,3.111111111
1602,2.888888889,3
1702,2.333333333,2.888888889
1802,3,2.555555556
2302,3,2
3301,1.777777778,1.444444444
3402,1.777777778,2
3702,2.444444444,2
3902,3.222222222,2.666666667
3903,3,2.888888889
3904,3,2
4002,3,4.111111111
4202,3,2.111111111
4302,2,2
4502,3.222222222,3
5502,2.222222222,2
5702,2.777777778,3
5902,4,4
6302,3.444444444,2.222222222
6801,2,2.555555556
6902,5,3.444444444
7302,3,2
7401,3.444444444,3
7702,2.222222222,1.333333333
8102,3.777777778,2.666666667
8202,2.444444444,2
8302,1.888888889,2
8502,2.666666667,2.222222222
8901,3,2
9402,3.777777778,1.555555556
9802,3.333333333,4
9803,3.222222222,4
10602,3.333333333,3
10701,3.111111111,2
10803,3,2.111111111
11502,3.222222222,2.777777778
11602,3,2.444444444
11902,1.666666667,2.666666667
12603,2.666666667,3
13302,4.555555556,2.111111111
13602,3,3.777777778
14102,2.888888889,1
15402,2,2.333333333
15602,3.111111111,3
15701,4,4
16002,2.444444444,4
17402,3.333333333,2.111111111
17902,3.777777778,3.333333333
18502,3.333333333,3
19002,2.222222222,2.333333333
19202,3.444444444,2.333333333
19701,2.777777778,3
19902,3.888888889,3
20902,2.111111111,2.222222222
21202,2.555555556,2.333333333
22402,2.888888889,3
22502,1.333333333,1
24402,2.333333333,3
25002,2.666666667,2.111111111
25102,2.222222222,5
25602,1.555555556,2
25902,2,1.555555556
26103,2.222222222,3.888888889
26402,3.333333333,1
26702,4,3
27002,1.777777778,2.444444444
27401,2.333333333,2.555555556
27501,3.666666667,3
27601,2.111111111,2.555555556
27702,3.666666667,3
27802,3.333333333,3.111111111
28002,2.444444444,2
28302,2.444444444,3
28501,2.444444444,2.888888889
28602,3.111111111,3
28901,1.888888889,2.888888889
29202,3.222222222,2
29401,1,3
31102,3,2.333333333
32502,3.333333333,3.111111111
33002,4,3
33401,3,2
35002,3,2.111111111
35702,3,2.777777778
35703,3,2.222222222
35801,3,3
36303,2,1.666666667
36304,3,3.111111111
36502,3,1.888888889
36702,3.333333333,1.777777778
36801,3,4
37002,3.555555556,2
37503,3,3.111111111
37604,3,2.888888889
38102,5,2.222222222
39203,2.888888889,3
39602,3,4
39703,3.111111111,3
40002,4,3
40302,3.666666667,3
40802,3.444444444,2
42502,2.888888889,3
42602,3.111111111,2.333333333
43202,2.333333333,3
44001,3.333333333,3
44102,2.222222222,2
44702,3.111111111,2
44802,3.444444444,2
44901,2.888888889,2.444444444
45401,3,2.777777778
46302,3,2.111111111
46402,2.777777778,2.222222222
46601,3,3
47902,2.444444444,2.555555556
48202,2.222222222,2
48602,2.222222222,2.888888889
48902,1.222222222,2
49402,2.777777778,2.888888889
49602,3,3
49702,3.444444444,3.111111111
49901,4.222222222,2.888888889
50702,4.111111111,5
51401,3.777777778,3.444444444
51802,3,2.888888889
52502,3.444444444,2.111111111
53101,2.333333333,3
53503,3,3.111111111
53601,1.333333333,2.777777778
54802,2.222222222,1.555555556
55401,2.444444444,2.666666667
56202,2.555555556,2.222222222
57502,2.222222222,2
58602,4,3
58603,2.444444444,3
58702,2.222222222,2
59102,2.555555556,3
59203,3.222222222,3
60202,1.222222222,2.777777778
61102,1.333333333,1.222222222
62402,2.888888889,3
62602,1.111111111,2.222222222
63002,1.666666667,2.555555556
64602,2.222222222,2.666666667
65302,3,3
66102,3.222222222,3
66201,2.333333333,2
66602,3.777777778,2.888888889
66801,3.222222222,3.222222222
67001,3.555555556,3
67201,4,2.888888889
67301,2.444444444,2.444444444
67501,1.666666667,3
67606,3,2
68001,2.666666667,2.444444444
68502,2.666666667,2.444444444
68802,2,2
69001,2.666666667,3
69602,2.111111111,2.111111111
69902,2,2
71702,3.444444444,3
72003,2.777777778,2.666666667
72601,2.111111111,2.444444444
73102,3.777777778,2.222222222
73402,3.444444444,2.666666667
73602,3.444444444,2.777777778
73801,2.444444444,2.888888889
75102,3,3.111111111
75301,2.111111111,4
75502,3.333333333,4
76102,3,3
76401,3.666666667,3.555555556
76702,2.555555556,2.444444444
77001,3,3.222222222
77102,3.777777778,3.666666667
77701,2.888888889,2.666666667
77801,2.888888889,3.111111111
78302,3.444444444,3.555555556
78802,2,1.666666667
78902,2.444444444,2
79502,4,2
79602,3.444444444,3
80202,2.444444444,2
80501,3,2.444444444
80701,2.111111111,2
80802,2.222222222,3
81402,4.666666667,3.111111111
82403,2.555555556,2.555555556
82801,2.333333333,2.333333333
83002,2.666666667,2.222222222
83102,2.333333333,2.222222222
83802,2.444444444,2.666666667
84502,3,2.888888889
85002,1.888888889,2
85102,3,2.222222222
85502,2.222222222,1.888888889
85602,2.444444444,2.777777778
85702,3.444444444,3
86502,2.333333333,2
87402,2.444444444,2.666666667
87503,3.111111111,3
87703,3.333333333,2.888888889
88901,2.777777778,2.555555556
89302,3.888888889,3.555555556
89304,3.111111111,3
89403,3,2.333333333
90001,2.777777778,2.777777778
90202,2.777777778,1.222222222
90301,3,2.555555556
90305,1.888888889,2
90702,2.444444444,2.111111111
91101,3.444444444,2.444444444
91902,3.333333333,3.444444444
92001,1.111111111,3
93302,1.111111111,2
94902,3.777777778,3
95002,3.111111111,2.888888889
95301,2.888888889,3
95402,2.555555556,3
95601,3.111111111,3
96002,2,3
96302,1.888888889,3
96701,3.111111111,3
96902,3.111111111,3
97302,1.666666667,3
97402,2.222222222,3
97901,3.222222222,3
98001,3.444444444,3.111111111
98502,3,3
99702,2,3
100901,1.777777778,3.777777778
101202,3,3
101302,2.444444444,3
102402,2,1
103802,3.444444444,2.666666667
104702,2.888888889,1
106002,2,1
106902,1.888888889,3
107402,3.333333333,2.888888889
108001,3.444444444,3.777777778
110101,3.555555556,3
110102,4.111111111,2.222222222
110502,3,3.666666667
110802,3.444444444,2.666666667
111002,2.444444444,1
111202,3.555555556,2.444444444
111401,3.222222222,3.555555556
112202,1,2
112903,2.222222222,2.222222222
113003,3.666666667,3
113202,3.666666667,3
113203,3,3.222222222
113402,2.111111111,2.222222222
113901,3,2.222222222
114002,4,3.777777778
114102,4,3.555555556
114502,3.444444444,3
114802,2.666666667,2.777777778
115001,2.777777778,2.555555556
115002,2.444444444,2
115302,4.666666667,3.666666667
115601,2.555555556,2.333333333
116502,2.444444444,3.333333333
116701,2.444444444,3.333333333
116802,3.333333333,3.333333333
116901,1.777777778,2.888888889
117102,2.333333333,2.888888889
117602,3.333333333,3
118304,2.555555556,2.888888889
118502,3.777777778,3.333333333
118702,3.333333333,3.555555556
118902,3.666666667,3.666666667
118904,3.111111111,2.555555556
119002,4,3.444444444
119301,3.111111111,3.444444444
119402,3.222222222,3.222222222
119602,3.333333333,4
119702,3.222222222,3.444444444
119802,3,3.222222222
119902,3.555555556,3.111111111
120001,3.222222222,3.555555556
120102,4.111111111,4
120202,3,3
120802,4,4
120902,3.444444444,3.444444444
121002,1.888888889,3.888888889
122401,3,3.777777778
122502,4.666666667,4.111111111
123101,3.888888889,2.111111111
123202,1.555555556,2.222222222
123602,3.333333333,1.888888889
123902,3,3
124002,1.888888889,4
124102,3.444444444,3.666666667
124503,2.777777778,3.777777778
124601,3,2.777777778
124702,2.444444444,2.888888889
125001,2.555555556,2.444444444
125202,2,2.111111111
125402,2.666666667,2.333333333
125802,3.333333333,3.222222222
126003,2.444444444,2.333333333
126202,3.666666667,3.333333333
126302,3.777777778,1.888888889
126402,1.333333333,2.222222222
126502,3.555555556,2.555555556
126602,4,4.555555556
126702,2,3
128702,2.444444444,3
130102,3.111111111,3
130202,3,3
130302,3.333333333,3.111111111
130402,3,3
130501,3.111111111,3.111111111
130604,3.111111111,3.111111111
131002,3.111111111,3.333333333
132002,2.777777778,2.777777778
132202,3,2.666666667
132302,3.222222222,1.777777778
132701,3.888888889,3.888888889
132802,3,2.666666667
132902,4,3
133201,1.888888889,2.333333333
133401,2.888888889,2.777777778
133702,2,2
133803,1.222222222,2
134102,2.888888889,3.666666667
134501,2.222222222,2.222222222
135002,3.111111111,3.111111111
136202,3,3.111111111
136402,1.888888889,2.111111111
136501,2.555555556,2.222222222
136703,2.222222222,2.555555556
136803,3,3
137502,1,2.333333333
137602,3,4.111111111
137603,2,2.222222222
137604,1.333333333,1.666666667
138401,4.111111111,3
139102,2.555555556,2.555555556
140002,1.666666667,2.222222222
141902,3.222222222,4.222222222
144902,1,2
145202,1,1
145502,1,2.888888889
145802,1,3
146002,3,3
146402,1.444444444,3
146503,3,2
149702,4,3
150002,2,2.222222222
150502,2,2
150702,2.555555556,3
151202,4,3
151702,2.333333333,3.222222222
151903,5,3
152002,3,2
152101,3.666666667,3
152502,2.666666667,3.111111111
152802,3,2.555555556
153102,2.666666667,3.333333333
153202,3.444444444,3.444444444
153402,3.555555556,3.222222222
153403,2.888888889,3.111111111
153502,3,3.222222222
153801,2.333333333,3.111111111
153802,3,2.888888889
154502,3.666666667,2.888888889
154602,2.333333333,2.333333333
154902,1.888888889,2
155603,1.111111111,2.111111111
155604,2.111111111,2.111111111
155902,2,2.666666667
156502,2.444444444,3.222222222
156702,2.666666667,3.111111111
158303,2.777777778,2.888888889
158502,3.222222222,3.444444444
158602,2.333333333,2.666666667
158702,3.222222222,4
159002,2.333333333,3.222222222
159102,3,2.777777778
159202,1.666666667,2.111111111
161002,3.111111111,3.111111111
161103,3,3
161104,3,3.111111111
161302,3.555555556,3.111111111
161304,3.333333333,3
161602,3.111111111,3
161701,3.111111111,3.111111111
161803,3,3
162302,3.333333333,3.111111111
162601,3.333333333,2.777777778
162803,3.888888889,3
162902,1,3
163002,2.888888889,2.444444444
163101,2.777777778,3
164302,1,2
164502,2.777777778,3
164602,1.666666667,2
165102,3,3.222222222
165302,3,3
165402,3.111111111,3.222222222
165502,2,3.222222222
166602,3.111111111,3.222222222
166802,4.111111111,3
167401,3.111111111,3.111111111
167602,2.333333333,2
168304,2,2
168602,2.888888889,2.555555556
168702,2,2.222222222
168801,4,4
168901,3.333333333,4
169702,2.555555556,2.666666667
170303,2.333333333,2
170402,2.111111111,2.777777778
170502,2.333333333,2.333333333
170604,2.777777778,2.333333333
170702,3.444444444,3
170903,2.333333333,2.111111111
171301,3.444444444,3.333333333
171402,2.555555556,2.666666667
171502,3.111111111,3.777777778
171702,3.222222222,3
171802,3.111111111,3
171901,2.333333333,2.777777778
172101,2.666666667,2.666666667
172102,2,2.666666667
172402,1,2
172502,2.666666667,2.555555556
172602,2.222222222,2.777777778
172902,2,3
172903,2.666666667,3
173001,1.666666667,3
173603,2.222222222,2.555555556
174102,2.888888889,3
174802,2,2.333333333
174902,4,2.555555556
175402,3.666666667,3
175502,3,3.333333333
175503,2.555555556,2.555555556
176601,3,3
176702,1.666666667,3
177002,2.222222222,2.222222222
177502,2.111111111,2.222222222
177504,3.111111111,2.777777778
178202,3,2.777777778
178902,5,3
179002,4,3
179301,5,3
179402,2,2
179802,3,2
180202,3,3
180602,3,1.888888889
180702,2.333333333,3.222222222
181202,4,3.333333333
181802,3.333333333,3.111111111
182001,2.555555556,1.666666667
182303,3.111111111,3.666666667
182802,3.777777778,3.222222222
183201,3.222222222,1.888888889
183604,3,2.222222222
186602,3.111111111,2.888888889
187802,4,3.333333333
187902,2.444444444,2
188002,3,2.888888889
188601,3,3
188703,2.666666667,2.333333333
188801,3.555555556,2.222222222
189302,2,2.111111111
189404,3.222222222,2.888888889
189702,3,2.444444444
190001,2.222222222,2.111111111
190102,2,2
190404,3,2.444444444
190802,3,3.222222222
191202,3,2.222222222
191302,3,3.222222222
191402,2.222222222,3
191502,3.111111111,3
191702,3,3
192401,2.222222222,2
192502,2.555555556,2.777777778
192602,3,2.444444444
192701,2.222222222,2.333333333
192902,4,3.222222222
193002,3.555555556,3.222222222
194202,2.111111111,2
194802,3.111111111,3.222222222
195102,2.444444444,3
195202,3.666666667,3.111111111
196401,2.555555556,3
196603,2.555555556,2.444444444
196703,2.333333333,1.777777778
196802,2,2.333333333
196903,3,2
197902,3.444444444,3.333333333
198302,3,3.111111111
198401,2.333333333,2
198602,1,2.222222222
198802,3.555555556,2.444444444
199002,2.333333333,2.111111111
199102,3,1.888888889
200202,2,1.888888889
200703,2,2.333333333
200704,3,2.777777778
201302,2.111111111,2
201503,1.111111111,2.222222222
201902,2.333333333,2
203602,2.333333333,2.666666667
204402,2.333333333,3
204502,2.444444444,2.888888889
204801,2,1.666666667
205702,4.333333333,3.444444444
205704,3.222222222,2.555555556
205804,3.111111111,3
206401,3.333333333,3.888888889
206501,3.111111111,3.222222222
207003,2.555555556,2.111111111
207201,3.222222222,4.777777778
207402,2.888888889,3
207502,4,4
207901,3.222222222,3.555555556
208402,2.777777778,2.444444444
208602,3.777777778,4.111111111
209102,4.444444444,4.222222222
209201,3.555555556,3.222222222
211002,4,3.111111111
212002,2,2.555555556
212102,2.333333333,2.888888889
212402,2.888888889,2.444444444
212704,3.555555556,3.111111111
212902,2,2.777777778
213202,2.333333333,3.333333333
214203,3.111111111,2.111111111
214502,2.333333333,2.777777778
215102,2,3.111111111
215503,3.555555556,2
216002,3,3.111111111
216202,2.555555556,4
216502,3.333333333,3.333333333
216601,3.777777778,3.111111111
217504,3.333333333,3.111111111
218102,3.333333333,2.333333333
218502,2,3
219202,4.111111111,3.777777778
219204,3.555555556,5
219501,3.111111111,2.777777778
220102,3.777777778,3.777777778
220202,4,4
220402,3.666666667,3.333333333
220502,3.333333333,2.777777778
221102,2.333333333,2.222222222
222102,3.333333333,3.111111111
223002,2.666666667,3.555555556
223102,3.888888889,3.111111111
223502,4,1.888888889
223802,2,2
225102,3.888888889,3.111111111
225203,2.666666667,2.888888889
225402,2.333333333,2.222222222
226403,3.111111111,2.444444444
226602,3.444444444,2.555555556
226802,3,3
227003,3.444444444,2
227102,3.444444444,2.555555556
227701,2.444444444,3.333333333
229002,4.333333333,3.444444444
229102,3.222222222,3.111111111
229402,3.444444444,2.555555556
229902,1.777777778,1.222222222
230102,1.888888889,1.777777778
231903,3.444444444,2.888888889
232002,2.777777778,2.222222222
232303,2.333333333,2.222222222
233401,2.333333333,2.555555556
233602,1.777777778,2.666666667
233702,3.222222222,3.666666667
234002,3.111111111,3
234003,2.222222222,2.444444444
234004,2.222222222,3.222222222
234302,2.333333333,2.333333333
234601,3.666666667,3.444444444
234701,3.222222222,3.555555556
234902,3.555555556,3.888888889
235202,3,3.444444444
235302,3.555555556,3.666666667
235402,3.222222222,3.222222222
235403,2.444444444,2
236102,2.888888889,2.333333333
236302,3,2.222222222
236801,2.222222222,2.888888889
237601,3,2.333333333
237902,3,3.333333333
238003,3.555555556,3.111111111
238302,3.222222222,2.777777778
238801,3,2.111111111
239202,1.777777778,2.444444444
239602,3,3.222222222
240102,3.555555556,2.777777778
240202,2.444444444,2
240503,3,2.444444444
240602,3.222222222,2.777777778
240702,1.666666667,3.111111111
240801,4.777777778,3
242502,2.222222222,2
242902,1.777777778,2.222222222
243102,3,3.111111111
243302,1.333333333,1.666666667
243402,2,2
244602,3,2.333333333
244801,1.777777778,2.111111111
244902,3.111111111,3
245702,2.111111111,2.111111111
245902,2,2.666666667
246301,1,2
246402,3.333333333,3
246502,3,3.111111111
247702,3,2.555555556
247802,2.444444444,2.666666667
247901,2.333333333,3
248102,1.777777778,2.111111111
249102,3,3.444444444
249602,3,3.777777778
250302,2.222222222,2.444444444
250501,3.111111111,3
251402,2,2.111111111
251602,3,3.888888889
252102,3.111111111,4
252302,2.444444444,3
252801,2.111111111,3.222222222
253102,3.111111111,3
253301,2.111111111,2.333333333
253502,2.111111111,3
255002,2,3.777777778
255402,3,2.222222222
256002,3,2.888888889
256003,3,2
256303,2,2
256304,3,3
256402,3.111111111,3.777777778
256703,2.777777778,1.888888889
257002,3.111111111,3.777777778
257901,3,3.111111111
258202,3.777777778,3
258901,3.333333333,2.111111111
259101,2.888888889,2.666666667
259302,3,2.555555556
259902,2,2
260204,2.111111111,2.222222222
260602,3.222222222,2.555555556
261305,2,2.111111111
261802,3.222222222,3.222222222
261901,2.222222222,2.666666667
262002,2.777777778,2.666666667
263003,2,2.333333333
263702,3.222222222,3.111111111
264102,3.777777778,2.555555556
264204,3,4
265202,3.666666667,3.666666667
265302,3.333333333,3.333333333
265502,3,3.444444444
265602,3.222222222,3.555555556
265702,3,2.333333333
265801,2.333333333,2.222222222
266002,3.111111111,3.222222222
266102,3.888888889,3
268301,1.777777778,2.666666667
268402,3.111111111,2.222222222
269802,2.777777778,2.777777778
269902,3.888888889,3.222222222
270002,3.333333333,2.888888889
270702,3,2.888888889
271304,2.555555556,2.222222222
272202,1,2.777777778
273502,2.222222222,2.888888889
274102,3.222222222,3
274302,3.666666667,2.888888889
274601,3.444444444,3
274702,3,2.777777778
275002,2.666666667,3.444444444
275202,3.555555556,3
275601,3,2.444444444
275901,4,3.888888889
276703,3.111111111,3.222222222
277901,2.888888889,2.555555556
279002,2.777777778,3.111111111
279802,4.111111111,3
280202,1,2
280602,2.666666667,3.333333333
280902,2.444444444,2
281102,3.666666667,3.333333333
281402,2.666666667,2.666666667
281501,3.111111111,4
281902,3.888888889,3.555555556
282003,2.666666667,1.888888889
282302,4.222222222,3.888888889
282402,1.666666667,2.111111111
282502,3.666666667,3.444444444
282802,3.111111111,2.555555556
282901,3.111111111,3.333333333
283102,3,2.222222222
283402,3.111111111,3.111111111
283802,2.333333333,2.333333333
284102,2.555555556,2.555555556
284502,3.555555556,3.444444444
285102,3,3
285401,1.333333333,1.222222222
285702,1.888888889,1.777777778
286302,2.111111111,2.555555556
286402,2.111111111,3.111111111
286702,3,3.555555556
286802,3,3.111111111
286902,3.111111111,3
287102,4.111111111,2.888888889
287202,2.333333333,2.555555556
287301,2.666666667,2.333333333
287401,1,2
287802,2.333333333,1.888888889
287902,3,2.888888889
288002,2.666666667,2.888888889
288202,2.888888889,1.777777778
288302,2.888888889,3.111111111
288501,3,3.555555556
289802,2.555555556,3.111111111
290002,2,2.555555556
290301,3.111111111,3
290902,2.777777778,1.333333333
291101,2.888888889,2.444444444
291302,2.333333333,2.666666667
291702,3.333333333,2.555555556
292002,3.555555556,3.666666667
292102,3.333333333,3.666666667
292302,3.333333333,2.222222222
292602,2.222222222,1.888888889
292802,4.555555556,3.666666667
293004,3,2.666666667
293102,2.888888889,3
293202,2.666666667,3
293302,3,3.333333333
293602,3.666666667,2.222222222
294004,3.111111111,2.222222222
294201,3.444444444,3.111111111
294301,4,3.444444444
294802,2.333333333,2.444444444
295101,3.555555556,3.333333333
296102,1.888888889,1.777777778
296501,4,2.555555556
296902,2.777777778,2
297301,3.888888889,3.444444444
297902,2.777777778,2
298202,2.444444444,2.222222222
298902,3.111111111,3
299002,3.111111111,3
299202,3,3
299502,3.222222222,3.333333333
299602,3,3.444444444
299702,2.666666667,2.777777778
299802,3.111111111,3
300101,2,1.555555556
301002,2.666666667,2.777777778
301202,2.666666667,3
302702,2,2.111111111
303602,2,2
304203,2.888888889,1.555555556
304301,2.222222222,2.555555556
305202,3.111111111,2.444444444
306101,1.111111111,2
306502,4,3.555555556
307002,4.333333333,4
307302,3.555555556,3.777777778
307502,3.222222222,2.666666667
307602,1,2.333333333
308202,3.444444444,3
309302,2.888888889,2.888888889
309602,2.888888889,2
310002,2,2.444444444
310302,3.222222222,3.444444444
311202,2,3
312002,3.111111111,2.222222222
312202,2,1
312402,2.777777778,1.888888889
312502,3.777777778,3.888888889
312601,3.777777778,3.666666667
312702,2.777777778,2.222222222
312902,3.333333333,3.111111111
313002,4.444444444,3.666666667
313102,3.333333333,2.222222222
313301,2.444444444,2.777777778
313602,3,3.444444444
313801,3.333333333,2.888888889
314301,3.777777778,3.222222222
314702,3.666666667,3.111111111
314902,2,1.888888889
315302,3.444444444,3.111111111
316301,3.333333333,3.222222222
316502,3,3.333333333
317001,2,2.888888889
317202,2.777777778,2.888888889
317602,4.333333333,3.888888889
317904,3.555555556,2.333333333
318002,4.111111111,2.888888889
318602,2.222222222,3.333333333
318902,3,2.777777778
319302,3.666666667,3
319502,3.444444444,3.111111111
319602,3.444444444,3
319702,3.222222222,2.888888889
319802,3.111111111,3
319902,3.111111111,3
320002,3.333333333,2.666666667
320801,2.666666667,3
321002,2.777777778,3.111111111
321102,3.333333333,3
321602,3.444444444,3.333333333
322002,2.222222222,3
323602,2.333333333,2.333333333
323802,2.777777778,1.222222222
324302,3.111111111,2.444444444
324402,3.444444444,2.666666667
324502,4,2.333333333
325302,3,3
325702,2.333333333,3
325901,3.888888889,3.333333333
326102,3,3.222222222
326103,3.333333333,3.444444444
326302,2.666666667,2.222222222
326502,3,2.777777778
326503,2,2.333333333
326803,2.444444444,2.222222222
327201,2.888888889,2.666666667
327202,3,2.444444444
327203,3.111111111,2.777777778
327302,3.222222222,2.555555556
327401,1.666666667,1.888888889
327502,3.222222222,3.222222222
328102,2,1.666666667
328402,2.222222222,2.777777778
328502,3.111111111,2.444444444
328702,2.888888889,3.555555556
328703,2.888888889,3.888888889
328802,3.222222222,3
329102,3.444444444,3.444444444
329202,3.333333333,3
329402,3.888888889,3.555555556
329502,4.333333333,2.444444444
329602,3.555555556,3.111111111
330002,4,3
330201,3,3
330502,3.555555556,3
330503,1.222222222,2.333333333
330802,3.444444444,3
331002,3.333333333,3
331003,4.222222222,3.777777778
331101,2.666666667,3.222222222
331102,3.888888889,3.111111111
331302,2.777777778,3.111111111
331402,2.444444444,2.444444444
331502,2.888888889,3.111111111
331602,2.666666667,2.333333333
331702,4,3.222222222
332002,2.333333333,2.222222222
332202,4.222222222,2.111111111
332502,2.888888889,3
332602,3.111111111,2.666666667
333702,3.666666667,3.222222222
334102,3.222222222,3.444444444
334201,3.333333333,2.555555556
334302,3.444444444,2.333333333
334602,2.333333333,3
334702,1.666666667,3
335002,2.444444444,2.111111111
335202,3.111111111,3.444444444
335402,3,3
335702,3.333333333,3.111111111
335901,2.666666667,3.555555556
336102,3,3
336103,3,3.222222222
336203,2.444444444,3.222222222
336301,3.222222222,2.888888889
336702,3.111111111,3
336801,2.444444444,3
336903,2,3.111111111
337203,2.777777778,2.777777778
337402,3.333333333,3
337502,2.555555556,3
338202,3,2.888888889
338303,3.444444444,2.777777778
338401,3.111111111,3
339001,3.444444444,3
339903,2.444444444,2
341302,2,2
341602,2.666666667,3.111111111
341703,4,3.444444444
342502,4.888888889,3.333333333
342702,3,4
343002,2.777777778,2.333333333
343402,2.555555556,3
343602,2.666666667,2
344301,2,3
344801,3,3.111111111
345101,3.333333333,3.111111111
345302,4.333333333,2.777777778
346902,2.333333333,3
346903,2.444444444,2
347102,3.555555556,2.444444444
347203,2.444444444,2.222222222
347502,2.111111111,1.333333333
347702,2.666666667,3
348102,1.888888889,1.777777778
349502,2.444444444,2.666666667
349702,2,3
349802,2.222222222,2.333333333
349903,2.222222222,3
350102,3,1.777777778
350202,4.333333333,3.222222222
350502,3.111111111,3.222222222
350602,4,3
351002,2.888888889,3.111111111
351202,2.888888889,3.222222222
351501,2.666666667,3
351602,2.777777778,2.555555556
351702,3.555555556,2.888888889
351801,1.333333333,2.333333333
351902,3.777777778,3
352302,3.333333333,2.444444444
352702,2.111111111,2.444444444
354602,2,1
354902,2,2.666666667
355001,3,3
355202,3.666666667,3.111111111
355502,3,2.444444444
356202,3,3.333333333
356802,2.666666667,1.777777778
357004,1.444444444,3
357403,3.333333333,2.666666667
357802,2.555555556,1.888888889
358102,2.555555556,2.777777778
359402,2.444444444,3.777777778
359902,3,2.444444444
360002,3.555555556,3.444444444
360102,2,2.555555556
360802,2.222222222,3
361902,3.222222222,2.222222222
362202,2.111111111,3.222222222
362302,3,3.555555556
363001,3.777777778,3.777777778
366403,2.666666667,1
366502,2,2.222222222
366602,3,2.888888889
366603,3.444444444,2.222222222
366701,2.666666667,2
366902,2.777777778,2.777777778
367102,3,2.888888889
367502,2.222222222,2.333333333
368102,3.333333333,3.222222222
368202,3.111111111,2.888888889
368501,2.333333333,2.222222222
369002,2.777777778,4
369202,2.777777778,2.888888889
369302,3,3
370102,2.777777778,2.444444444
370202,2.666666667,2.333333333
370802,3.111111111,2.444444444
371002,4,2.777777778
371004,3.111111111,2
371102,3.888888889,3
371202,3.444444444,3
371302,3.666666667,4
371402,3.666666667,4
371502,3.666666667,4
371802,2.444444444,2.777777778
371902,2.777777778,3
372102,2.888888889,2.777777778
372302,2.888888889,4
372602,2.666666667,3
372801,3.444444444,3.333333333
373302,4,4
373502,3.555555556,3
373802,3.555555556,3
373902,3,3.666666667
373904,2.777777778,3
374502,2.444444444,3
374702,3.555555556,3
375601,2.777777778,3.333333333
376104,2,2
376203,2.222222222,2.888888889
376302,3,3
376702,3.333333333,3
377402,3.222222222,3
377502,3,3.111111111
377602,3.111111111,2.888888889
378702,3.333333333,3
379002,2.222222222,3
379003,3.222222222,2
379103,2.222222222,2.333333333
379202,3.333333333,2.333333333
379402,2.333333333,2.666666667
379702,2.444444444,1.555555556
379902,2.333333333,2.333333333
380301,2.888888889,3
380402,2.555555556,3
380502,3,2
380702,2.888888889,3.222222222
381802,2.222222222,2.888888889
382102,2.666666667,3
382702,3.666666667,3.222222222
383302,2.666666667,3.111111111
383402,3.111111111,4
383802,3.666666667,4
384202,2,2
384402,2.222222222,2.111111111
385302,3,3
385501,2.222222222,3
385601,2.111111111,2
385701,2,2.111111111
386102,2.444444444,3
386302,2.666666667,3.111111111
386402,3.111111111,3.333333333
386902,3.444444444,2.222222222
387702,3.222222222,2.666666667
387802,3.333333333,2.777777778
388002,3,3
389703,1.333333333,3
391102,2.444444444,3
392702,3,3
393302,2,2
394002,2.111111111,2.444444444
394502,3,2.111111111
394802,2.666666667,3
396003,2.666666667,3
396202,3.444444444,2.555555556
396502,2.111111111,3
398102,3,3
399402,2.666666667,2.888888889
399602,3,2.666666667
399902,3,2.444444444
400202,2.222222222,3
401501,2.444444444,3.555555556
402301,3,3.222222222
402502,3.444444444,2.777777778
402602,3,2.333333333
403001,2.333333333,3
403102,3.222222222,2.777777778
403202,2.888888889,2.333333333
403302,3,2.777777778
403402,3,2.444444444
403502,3,3
403602,2.222222222,3
403603,4,2.777777778
403702,3,2.222222222
404001,2.444444444,3
404102,3,3.222222222
404503,3,3
405602,2,2
406002,3,3
406102,3,3.222222222
406302,3,3
408102,1.555555556,3
409902,1.555555556,3
410202,2.666666667,4.666666667
410501,2.222222222,2
410802,3.111111111,3.888888889
410902,3,3
411002,3,2.555555556
411502,1.111111111,3
411601,1,2
411802,2,3
412701,3.111111111,3
413302,3,3
414702,1.888888889,3
415803,2,3.555555556
416802,2.111111111,2.666666667
417001,2.666666667,2.444444444
417102,3.666666667,2.444444444
417302,3,3
417602,1.555555556,1.555555556
418101,3.222222222,3.222222222
419003,2,2.555555556
419802,2.111111111,2.222222222
421302,3,2.444444444
421701,3,2.555555556
421801,3,2
423302,2.111111111,2.666666667
423601,4.444444444,3.111111111
423801,5,3.444444444
425002,2.222222222,3
425503,2.222222222,2.222222222
425902,3.888888889,3.444444444
426002,2.777777778,2.888888889
426502,4,2.222222222
427502,2.222222222,2
427901,5,3
428102,3.111111111,2
428402,2.666666667,3.222222222
428502,2.888888889,3.444444444
429502,2.888888889,3.444444444
429601,3.444444444,3.222222222
429602,2.444444444,3.111111111
431101,2.555555556,3.222222222
431302,2.444444444,2.666666667
431402,2.888888889,2.666666667
431502,3.222222222,2.555555556
432002,2,2.222222222
432005,3,2.888888889
432102,3.222222222,3.444444444
432602,2.111111111,2.888888889
433004,4.222222222,2.555555556
433402,3.444444444,2.222222222
433802,2.888888889,3
434201,3,2.888888889
434302,2,2.555555556
434403,2.222222222,3.111111111
434702,1.333333333,2.222222222
434705,2,1.888888889
434802,1,3.222222222
435201,3,2.888888889
435202,3,2
435702,2,3
436302,4,3.111111111
436402,2.222222222,1.888888889
436601,1.222222222,2.888888889
436804,3.111111111,3
437101,3.222222222,3.111111111
437202,2.444444444,2.111111111
438503,3.777777778,2.888888889
438602,2.888888889,3
439204,2.222222222,2
439802,3.222222222,3
440302,3.111111111,2.888888889
440502,3.222222222,3.222222222
441401,2.555555556,3
441802,3.333333333,2.666666667
442101,3.222222222,3.666666667
442201,3.111111111,2.222222222
442302,3.222222222,3
442803,3,2.888888889
443402,2.888888889,2.111111111
443702,3,2.444444444
444302,3.111111111,2
444602,2.555555556,3.555555556
444802,2.888888889,2.111111111
445102,2.777777778,2
445502,3.666666667,2.666666667
445702,3.777777778,3.111111111
447202,3.888888889,2.444444444
447402,3.111111111,2.444444444
447502,3.333333333,3.222222222
447602,2.777777778,2.111111111
448002,2.666666667,2.888888889
448502,2.555555556,2.333333333
448602,2.666666667,2.444444444
450201,3.444444444,3.111111111
450702,5,3.444444444
450902,4,3.333333333
451302,1.333333333,2.777777778
451402,2.444444444,3
451502,1.333333333,2.444444444
451602,2.666666667,2
451702,1.777777778,2.333333333
451902,2.222222222,2
452002,3.111111111,2.555555556
452801,2.555555556,2.666666667
453401,3.888888889,2.777777778
453602,3.222222222,2.444444444
453702,2.888888889,2.444444444
454702,2,2.777777778
454906,4.555555556,3.333333333
455002,2.666666667,3.111111111
455104,3.222222222,2.777777778
455201,3.444444444,2.222222222
456202,3,2.555555556
456302,4.222222222,2.555555556
456402,2.222222222,3.111111111
456801,2.888888889,3.777777778
457201,3.555555556,3.666666667
458301,2.333333333,2.666666667
458502,2.333333333,3
458904,2.777777778,2.666666667
459001,3.111111111,3.111111111
459301,3.888888889,3.222222222
459902,4,3.111111111
460202,2.555555556,3.111111111
460302,3.222222222,2.888888889
461102,3,2.666666667
462002,3,3.111111111
462102,3.111111111,3.222222222
462302,2.555555556,2.333333333
462801,2.333333333,1.777777778
463201,1.777777778,2.444444444
463601,3,2.222222222
463703,2.777777778,3
463902,3.333333333,3
464102,1.777777778,2.111111111
464202,3.333333333,3.111111111
464501,2.777777778,3.444444444
464702,3.777777778,2.444444444
465802,2.444444444,3.333333333
466202,5,2.222222222
466802,2,2.444444444
467502,1.555555556,2
468002,2.777777778,2
468402,2.111111111,2.222222222
469202,1.444444444,2
469802,3.111111111,3
471802,3.111111111,3.666666667
472702,2.888888889,2.444444444
472802,2.888888889,2
472902,2.222222222,3.333333333
473702,2,2.888888889
474502,2.222222222,2.111111111
475001,1.777777778,3.111111111
475101,3.555555556,2.222222222
475602,2.555555556,2.111111111
476101,3.222222222,2.888888889
476802,3.111111111,3
477402,2.888888889,3.333333333
477701,3.111111111,2
478202,2,2.777777778
478302,3,2.333333333
478502,3.111111111,3.111111111
478702,2.222222222,2
479002,2.222222222,3.333333333
479402,2.888888889,3.222222222
479902,2.111111111,3.111111111
480202,2,3.777777778
480601,2.222222222,3
482202,3.555555556,3.444444444
482502,3.333333333,3
482801,2.888888889,2
483802,1.222222222,2.222222222
484702,2,3.555555556
484902,1.444444444,2.333333333
485802,4.222222222,3.666666667
487102,2.888888889,2.111111111
487502,3.222222222,3.333333333
487601,2.888888889,3.333333333
488102,1.333333333,2.111111111
488502,5,3.444444444
489401,5,3.555555556
489502,3.777777778,3.111111111
489703,4.888888889,2.111111111
490002,5,2.888888889
490202,5,3
490302,3,3.111111111
490401,3.888888889,2.666666667
490602,2.777777778,2.777777778
491902,1.444444444,2.444444444
492002,2.111111111,2.111111111
493002,1.333333333,2.111111111
493301,2.333333333,2.777777778
493502,3,2.666666667
493702,2.111111111,2.333333333
493802,2.888888889,3
493902,3.111111111,2.333333333
494002,2.111111111,2.555555556
494003,3.888888889,2.111111111
494102,3.222222222,2.777777778
494302,2.333333333,2.333333333
494702,1.666666667,1.333333333
496102,2.666666667,2.888888889
497202,1.333333333,3
498102,3.666666667,3
498802,2,3
499102,2,2.666666667
499601,3,3.555555556
499702,3.111111111,2.444444444
500302,3.222222222,3
500501,2.555555556,2.444444444
500801,5,3
500903,5,2.555555556
501002,5,2.666666667
502202,4.666666667,3
502502,5,4.333333333
503701,3.444444444,2.444444444
504402,4.555555556,2.777777778
504702,1.888888889,2
504802,3,2.222222222
505402,5,4.222222222
505802,3.666666667,2
506202,4,2.111111111
506402,3.777777778,2.888888889
506603,2.888888889,3.444444444
506902,3.222222222,2.333333333
507102,3.333333333,3.333333333
507202,4.333333333,3.222222222
507302,2.888888889,2.888888889
507402,3.666666667,3.444444444
507602,3.555555556,3.666666667
507702,3.111111111,2
507902,2.888888889,3
508002,3,3
508102,2.777777778,3
508202,4,3.111111111
508302,3,3
508502,2.555555556,3
509101,2.333333333,3
509502,2,2.444444444
510002,3,2
510201,2.111111111,3
510602,3,3
510902,2.111111111,3
511002,3,1.444444444
511302,2,3
512802,2.222222222,2
512902,2.888888889,2.222222222
513002,3.444444444,2.555555556
513101,3.222222222,3.444444444
513202,3.111111111,2.777777778
513302,3.111111111,3
513402,2.111111111,3
513901,2,2.222222222
514002,2,2.888888889
514003,2,2.111111111
514102,5,3.333333333
514302,5,3
514402,4.666666667,3
514902,5,3.555555556
515202,4.666666667,3.666666667
515402,3,2.777777778
515502,2,3
515702,3.111111111,2.777777778
517301,2,3
517601,4.777777778,4
518102,4,4.666666667
518304,1,2.555555556
518602,1,2
518902,2,3
519402,1.555555556,2.222222222
519601,3.666666667,3.333333333
520901,3.666666667,2
521302,2.777777778,3
521602,2.222222222,3.555555556
521702,3,2.222222222
522001,3.333333333,2.777777778
522102,2,2
522201,2.666666667,2.777777778
522301,3.333333333,2.888888889
522402,3.222222222,2.444444444
522802,1.888888889,2
523002,2.444444444,3.444444444
523201,2.666666667,2
523301,2.777777778,1.666666667
524002,3,2
524402,3.333333333,3.111111111
524602,3,3
524701,3.333333333,3.222222222
524802,3.333333333,2.888888889
524902,4,3.333333333
525002,2.333333333,2.333333333
525402,2,2
525702,3.666666667,2.333333333
526001,2,3.333333333
526203,3,2.666666667
526204,2,2
526401,2,2.111111111
526902,3.222222222,3
527002,3.444444444,3.555555556
527202,3,2.888888889
527302,3.555555556,3.777777778
527402,3,2.444444444
527502,3.111111111,3
527801,2.888888889,3
527902,3,2.888888889
528002,3.777777778,2.888888889
528201,2.222222222,1.333333333
528401,2.555555556,2.666666667
528601,2.555555556,2
529102,3.111111111,3
529302,2,2
530802,2,2
531102,3.666666667,3.666666667
532402,2.777777778,1.888888889
532602,3,2.888888889
533001,2,2.888888889
533102,3.333333333,2.888888889
533702,3.444444444,2.555555556
534002,4.444444444,2.666666667
534102,2.555555556,3.333333333
534202,3,2.555555556
534302,2.333333333,3.111111111
535101,4,3.666666667
535502,2.888888889,2.888888889
535702,3.666666667,3
535902,3,3.222222222
535903,2.555555556,3.444444444
536002,2,2.666666667
536202,3,1.888888889
536402,3.222222222,1.888888889
536502,2.888888889,2.333333333
536602,3,2.888888889
536802,2.888888889,1.888888889
538201,2,3
538802,2.111111111,3
538902,2.444444444,2
539002,3.444444444,2
539102,2.777777778,3.111111111
539201,2.222222222,2
539402,2,3.444444444
539502,3.222222222,2.111111111
539702,3.555555556,2
539802,3.777777778,2.555555556
539902,3.222222222,3.111111111
540002,3.444444444,3
540402,3.555555556,3
540502,3.222222222,3
540902,4,3
541002,4,2.222222222
541102,4,2.111111111
541202,2.666666667,3.333333333
541302,3.111111111,3
541502,3.222222222,3
542302,3.777777778,3.111111111
542402,4.555555556,2.555555556
542602,3,2.555555556
542702,3.666666667,3.333333333
543901,1,2.111111111
544503,1.111111111,2
544704,2,2
545102,3.111111111,2.444444444
545302,2,2
545402,1.555555556,3
545702,3.666666667,3.555555556
545802,1.444444444,2.666666667
546002,3,2.666666667
546102,3,2.333333333
546302,2.777777778,2.888888889
546602,3,3
546702,5,3
546902,5,2.333333333
547202,5,3
547302,5,2.666666667
547602,4.777777778,3
547802,5,3
547902,5,3
548002,3,3
548102,4.666666667,2
548802,3.333333333,2.888888889
549002,3.111111111,2.666666667
549202,2.555555556,2.444444444
549402,3,2.666666667
549802,3.222222222,2.555555556
550202,3,2.777777778
550402,3.111111111,2
550602,3.666666667,2
550702,3,1.888888889
550802,2.888888889,2.333333333
551002,3,2
551102,2.777777778,2
551202,2.888888889,3.111111111
551302,2.555555556,2
551502,4,3.111111111
551702,2.888888889,3.444444444
551902,3,3
552002,2.888888889,2.666666667
552202,3,3.222222222
552502,2,2
553302,1.777777778,2
553501,3.333333333,3.444444444
553802,2.333333333,2.222222222
554102,3.333333333,3
554201,3,2.666666667
555001,3.111111111,2.666666667
555503,2,2.111111111
555802,2,1
555901,3.666666667,3.777777778
556002,3,3
556602,2.444444444,3.111111111
557501,2.777777778,2.555555556
557602,3.111111111,2.777777778
558702,3,3
558901,2,2
559302,2,2
560201,2.333333333,2.333333333
560301,3.333333333,3.222222222
561402,2.888888889,2.222222222
561801,1,1
562101,3.666666667,2.888888889
562202,3.888888889,4
562301,3.444444444,4.222222222
562602,3,3
562802,3,3
563001,3,3
563401,3,3
563702,3,3
563801,3,3
564002,3,3
564102,2.111111111,2
564504,2.111111111,3
564803,3,3
566601,2.444444444,2
566803,2.444444444,2.222222222
568102,4.111111111,3.666666667
568202,3.888888889,2.888888889
568302,3.777777778,3.222222222
568501,3,2.777777778
568802,3.555555556,2.666666667
569002,3.111111111,2.444444444
569102,3.777777778,2.666666667
569502,3.666666667,2
569702,3.777777778,1.888888889
570302,3,3.222222222
570403,2.444444444,2.111111111
571102,3.888888889,3
571302,2.333333333,3
571402,1.888888889,3
571902,3,3
572001,2.111111111,3
572202,3.222222222,3.111111111
572302,2.111111111,2.222222222
572401,2.777777778,2.444444444
572702,2.555555556,2
573901,2.333333333,3.222222222
574201,4,2
574301,4.777777778,3.333333333
574501,3.777777778,3
574802,3.777777778,1.555555556
575002,3.555555556,3.111111111
575102,3.444444444,3
575202,3.111111111,3
575502,3,3
575902,2.666666667,2.777777778
576002,3.888888889,2.444444444
576102,3.333333333,3.333333333
576301,2.666666667,3.666666667
576402,3.111111111,2.555555556
576502,3.444444444,3.111111111
576602,2.777777778,2.888888889
576702,1,2.333333333
576902,1.666666667,2.111111111
579002,3.555555556,3.222222222
579102,3.222222222,2.777777778
580003,3.888888889,2
580102,3,2.888888889
580802,3.777777778,4
581002,4.444444444,3
581202,3,3
581502,4,3.222222222
582002,3,2.333333333
582102,4.222222222,3.777777778
582202,4.777777778,3.555555556
582302,3,3
582502,4,3.555555556
582601,3.555555556,3
582802,3,3
582902,3,3.333333333
583002,4,4
583202,3.555555556,3
583802,2.555555556,3
583902,2.444444444,3
584102,3,3
584202,3.333333333,3.222222222
584802,4,3
585101,3.888888889,3.444444444
585202,3,3
585302,3.666666667,3
585402,4,3
585502,3.777777778,3
585602,4.333333333,3.444444444
585702,4,3.666666667
585902,4,4
586002,3,3
586102,4.111111111,3.444444444
586202,4,3.444444444
586302,3,4
586401,4,3
586501,3,4
586602,3,3
586802,3,3.444444444
587002,2.666666667,3.333333333
587202,2.333333333,2.111111111
587402,3,2.555555556
587404,2,2
587602,3.111111111,2.333333333
587704,2.333333333,2.222222222
588302,2.777777778,3
588402,3.111111111,3.111111111
588502,2.666666667,3.111111111
588602,3,2.888888889
588702,3,2.555555556
588802,2.444444444,2.777777778
588901,3,3.222222222
589002,2.555555556,3.111111111
589102,3,3.111111111
589202,3,2.444444444
589302,2.555555556,3
589402,2,2.111111111
589502,2,2
589602,2.111111111,2.111111111
589702,3,2.888888889
589802,3,2.888888889
589902,2.666666667,3
590002,3.333333333,2.555555556
590101,3,2.555555556
590202,3.111111111,3.111111111
590802,3,3.333333333
591002,3,3.111111111
591302,2.888888889,3.333333333
591303,3,3
591402,3.333333333,2.111111111
591502,3.888888889,3.333333333
591602,3.333333333,3.333333333
591702,4,3.222222222
592001,4,2.666666667
592002,4,2.777777778
592104,3.444444444,2.444444444
592301,4,3.555555556
592804,3.666666667,3
592902,4,4.111111111
593104,3,1.222222222
593202,3.222222222,3.888888889
593302,3.777777778,3.666666667
593402,3.666666667,3.555555556
593502,3.777777778,3.444444444
593602,3.777777778,3.888888889
593702,3.666666667,3.888888889
593802,3.444444444,3
593901,3.666666667,3.333333333
594001,4,2.666666667
594102,2.555555556,3.666666667
594202,4,3.222222222
594302,3.777777778,3.333333333
594402,3.777777778,3.888888889
594404,3.555555556,3.222222222
594502,3.888888889,3.888888889
594503,2.333333333,3.111111111
594701,3.444444444,3.777777778
594802,3.111111111,3.222222222
595002,3.222222222,3.333333333
596002,3,2.888888889
596102,2,2.555555556
596202,3.555555556,3.444444444
596402,3.666666667,3.222222222
596501,3.666666667,3.888888889
596602,2.666666667,3.222222222
596702,3.333333333,2.888888889
597402,2.777777778,3
597601,3.111111111,3
598902,3.666666667,2
599302,2.666666667,2.222222222
599902,3,2.555555556
600101,3.777777778,3.111111111
600302,3,3.222222222
600601,3,2.111111111
600802,3,3
601202,3,3.111111111
601602,1.777777778,2.555555556
603402,3.333333333,3.111111111
603602,3.333333333,1.777777778
603701,3.111111111,3.777777778
604002,1,1.888888889
604203,2.888888889,2.222222222
604502,4.222222222,4
605202,2.222222222,2.333333333
605203,3,2.555555556
605503,2.111111111,2.333333333
605602,3,3.333333333
605802,2.111111111,2.555555556
606002,2.111111111,2.666666667
606102,3,2.777777778
606302,3.333333333,3.444444444
606901,2.444444444,3.111111111
606902,2.666666667,2.555555556
607101,3.111111111,2.666666667
607702,3.555555556,2.333333333
607801,3.777777778,3.555555556
607901,3.111111111,3.111111111
608002,2.666666667,3
608102,3.444444444,2.333333333
608202,4.222222222,4
608401,3.333333333,3.666666667
608502,2.666666667,3
608702,2.333333333,2.888888889
608802,3.888888889,2.888888889
609001,3.111111111,2.444444444
609702,3.666666667,4
609802,3.222222222,3
609902,3,4
610002,3.555555556,4
610101,4,4
610202,2.888888889,3.333333333
610402,3.555555556,3
610502,3.222222222,3.444444444
610802,2.333333333,2.222222222
610902,2.888888889,2.555555556
611002,3.333333333,3.333333333
611102,2.666666667,3.333333333
611302,2.777777778,3.222222222
611602,2.555555556,2.777777778
611902,2.888888889,3.111111111
612002,4,3
612101,2.111111111,3.444444444
612402,2,2.555555556
612602,3.444444444,2.777777778
612802,3.777777778,2.777777778
612902,4.111111111,3.111111111
613002,4.222222222,3.444444444
613302,4,3.222222222
613402,3.666666667,3.555555556
613502,3,2.666666667
613702,2.888888889,3
613902,2,2.444444444
614002,3.888888889,3.888888889
614102,2.444444444,2.444444444
614202,3.666666667,3.333333333
614302,3.666666667,2.666666667
614702,3.111111111,2.666666667
615602,3.555555556,3.444444444
615802,3,1.333333333
616202,1.777777778,1.333333333
616702,3.111111111,2.444444444
617201,2.888888889,2.888888889
617601,2.666666667,2.888888889
617902,2,2
618902,2.333333333,2.666666667
619003,2.333333333,3
619103,3,3
619202,2.888888889,2.555555556
619301,2.111111111,2.666666667
620002,3.222222222,3
620302,3.888888889,3
621002,2.111111111,2
621102,1,2
621602,3,2.444444444
621802,3.222222222,2.666666667
622301,2.777777778,3.666666667
622602,3.333333333,3.111111111
622702,3,3.111111111
623002,3.333333333,2.888888889
623102,3,3.666666667
623302,3,3.333333333
623402,3.222222222,3.555555556
623902,1.888888889,3
624103,3.444444444,3.444444444
624302,2.777777778,3
624402,2.333333333,3
624502,2.222222222,3.222222222
624603,3,3.111111111
624902,2.222222222,2.666666667
625202,1.555555556,1.888888889
626401,1.666666667,3
626602,3.111111111,4
626702,3,4
626703,1.888888889,3
626802,3,3.888888889
626902,2.777777778,3
627002,3.777777778,4
627102,4.222222222,3
627202,4.222222222,4
627402,4,3
627502,3.333333333,3
627602,4.111111111,4
627702,2.555555556,3
627902,5,4
628002,5,3.888888889
628302,3,3
628402,3,3
628602,3.444444444,2.777777778
628702,5,3
628802,3,4
628902,3,3
629002,3.444444444,3.333333333
629102,3.222222222,2.777777778
629201,1,1
629302,3,3
629402,3.888888889,3
629601,3.333333333,3
629702,2.666666667,3.111111111
629902,3.111111111,3
629904,3.222222222,3
630202,3.777777778,3.777777778
630302,3.111111111,3
630401,3.555555556,2.666666667
630403,3.444444444,1.888888889
630602,3.888888889,3.333333333
630802,3.222222222,3.111111111
630902,3.111111111,2.777777778
631002,2.666666667,2.888888889
631102,1.444444444,1.111111111
631402,2.555555556,3.111111111
631502,1.777777778,2.111111111
632201,3.111111111,3
632602,3.111111111,3
632702,3,3.222222222
632802,3,3.222222222
632902,3.333333333,2.555555556
633001,2.666666667,2.777777778
633102,2.666666667,2.777777778
633304,3.111111111,2.777777778
633402,2.777777778,2.333333333
633502,2.555555556,2
633802,3.666666667,2.222222222
633902,2.777777778,2.777777778
634002,3.555555556,2.666666667
634102,2.555555556,2.666666667
634302,3.111111111,3.111111111
634402,3.888888889,3
634502,2.888888889,2.888888889
635001,3.777777778,3.555555556
635202,3.777777778,3.222222222
635302,3.555555556,3.444444444
635402,2.111111111,3.888888889
635502,3.666666667,2.777777778
635602,3,2.222222222
635702,2.888888889,2.666666667
635802,2.333333333,1.888888889
635902,3.333333333,2.333333333
636002,2.666666667,2.444444444
636102,3,3.333333333
636201,2.888888889,2.888888889
636302,3.333333333,4
636402,2,2.444444444
636502,3.555555556,3.111111111
636602,2.888888889,3.888888889
636802,3,3
636902,3.555555556,2.888888889
637002,2.111111111,2.222222222
637202,3.333333333,3.111111111
637301,2.777777778,2.666666667
637402,3.666666667,3
637502,4.111111111,3.222222222
637602,3.888888889,4.111111111
637702,2.444444444,3.666666667
637802,2.555555556,3.222222222
638002,3.222222222,3
638102,3.777777778,2.555555556
638201,2.111111111,3.666666667
638301,2.555555556,2.444444444
638602,2.222222222,2.444444444
638702,3.444444444,2.888888889
638802,3.555555556,1.888888889
638902,2.111111111,1.444444444
639202,2.333333333,2.666666667
639302,2.333333333,3.111111111
639402,3.666666667,2.888888889
639404,3.111111111,3.222222222
639602,2.333333333,2.333333333
639603,2.444444444,2.777777778
639802,2.555555556,2.888888889
639902,2.666666667,2.555555556
640102,3.555555556,3.777777778
640202,3.888888889,2.888888889
640302,2.666666667,3.222222222
640402,3.777777778,2.888888889
640502,3.777777778,3.222222222
640602,3.777777778,2.888888889
640802,3.777777778,4.111111111
641002,3.222222222,2.444444444
641202,2.777777778,3.222222222
641402,3.333333333,3.111111111
641502,2.666666667,2.555555556
641602,2.555555556,2.555555556
641702,2.333333333,2.444444444
641704,2.222222222,2.777777778
641802,3.222222222,2.777777778
641901,3.111111111,3
642002,2.555555556,3
642102,2.888888889,2
642402,1.888888889,2.222222222
642702,2.777777778,2.777777778
642802,3.555555556,3.111111111
642902,2.111111111,2.555555556
643002,3.777777778,3.444444444
643003,3.333333333,2.555555556
643402,2,2
643602,2.777777778,2.222222222
643802,2,1.888888889
644102,2.777777778,2.555555556
644202,3,3.444444444
644302,2.777777778,2.555555556
644502,3,3.333333333
645002,2.444444444,3.222222222
645202,2.888888889,2.333333333
645402,4,2.666666667
645602,3.444444444,1
645701,3.444444444,2
645802,2.888888889,2.888888889
645902,2.888888889,2.888888889
646002,2.555555556,2.777777778
646102,3.777777778,3
647202,2.777777778,3.666666667
647702,3,3.333333333
647901,3.222222222,4.555555556
648703,2.111111111,2
648902,3,3
649002,2.111111111,2.555555556
649102,4,3.111111111
649802,2.444444444,1.888888889
650401,4,3.666666667
650702,3.666666667,2.888888889
651001,4,3.777777778
651103,2.222222222,2.222222222
651501,4.333333333,3.777777778
651602,3.444444444,2.888888889
653402,3.444444444,3.666666667
654702,3.111111111,2.555555556
654902,2.333333333,3.777777778
655902,2.444444444,2.222222222
656402,2.111111111,2.777777778
656602,3.444444444,3.555555556
656802,3.444444444,4.111111111
657102,2.555555556,3.555555556
657501,4,3.333333333
657702,3.888888889,2.888888889
658203,2.222222222,3.333333333
659102,2.777777778,2.111111111
659702,2,2.444444444
660202,3.222222222,3
660402,4,3
660702,2.444444444,3
660802,2.555555556,3
661202,4,3
661302,4.111111111,3.333333333
661402,3.111111111,3.111111111
662002,3.111111111,3
662103,2.666666667,2
662302,2,2
663001,3.444444444,4
663201,3.222222222,2.888888889
664303,2.777777778,2.222222222
664602,3.777777778,4
664802,2.777777778,3
665502,2.111111111,3.111111111
665802,3.444444444,3
666101,3.333333333,3
666502,2.111111111,2.333333333
667402,3.666666667,3.222222222
667502,3.555555556,2.555555556
667602,4,3.111111111
667702,3.111111111,2.555555556
667802,3.333333333,2.888888889
668202,4,3.777777778
668602,3,3.222222222
669002,2,4.333333333
669902,2,2.222222222
671502,1.222222222,1.555555556
671602,3,2.444444444
672301,3.555555556,2.888888889
672402,3.111111111,3.333333333
672501,3,3
672602,3.555555556,3.222222222
672702,2.777777778,2.888888889
672802,3.666666667,2.555555556
673202,3.555555556,3.444444444
673701,2.555555556,2.777777778
673802,2.666666667,2
674202,1.222222222,2.111111111
674702,4.444444444,3.666666667
675202,3.777777778,3.666666667
675402,4.222222222,3.222222222
675502,3.888888889,3.666666667
675601,5,3.444444444
675701,5,2.888888889
675802,3.111111111,3
676102,2.666666667,2.444444444
676202,3,3.222222222
676302,2.888888889,3.111111111
676402,3,3.222222222
676502,3,3
676602,2.888888889,3.222222222
676702,3.111111111,3
676802,2.777777778,3
676902,2.888888889,3
677002,3.111111111,3
677102,3,3
677202,2.888888889,3.333333333
677302,3,3.222222222
677402,3.666666667,3
677502,3,3
677602,3.111111111,2.888888889
677702,3.555555556,3
677902,2.111111111,2.666666667
678102,3.666666667,3.111111111
678402,3.222222222,3.111111111
678602,3.777777778,3.111111111
678702,3.666666667,3.111111111
678802,4,4
678902,2.111111111,3.555555556
679102,3.777777778,3.111111111
679302,3.888888889,3.222222222
679402,3.666666667,3.111111111
679502,2,3.444444444
679702,2.777777778,3
679902,3.222222222,3.111111111
680002,2.777777778,2.777777778
680102,3.111111111,3.222222222
680302,3.111111111,3.111111111
680402,2.444444444,2.777777778
680502,3,3
680602,3,3.111111111
680902,2.222222222,3.444444444
681301,3.111111111,2.333333333
681402,1.888888889,2.222222222
681802,2.333333333,2.333333333
681902,2.888888889,2.333333333
682302,3.333333333,3.333333333
682401,2.777777778,2.333333333
682502,1.666666667,2.666666667
682602,3,3.777777778
682702,3.222222222,3
682802,3.333333333,3.333333333
684002,3.333333333,3.444444444
684202,3.777777778,3.777777778
684302,4.222222222,5
684402,3.333333333,3.666666667
684502,3.888888889,3.555555556
684602,3.888888889,3.666666667
684801,3.666666667,3.333333333
685001,3.333333333,3
685202,4,3.444444444
685402,2.555555556,4
685502,2.111111111,3.777777778
685602,3.111111111,3
685702,3.222222222,3.666666667
685802,3.666666667,3.777777778
685903,2.555555556,3
686002,4.111111111,3.555555556
686102,4.444444444,4.111111111
686202,1.555555556,3.222222222
686302,2.888888889,2.111111111
686502,1.444444444,3.888888889
686602,3.666666667,3.111111111
686702,4,3.111111111
686802,4,3.222222222
686901,3,3.111111111
687002,3,3.111111111
687102,4,3.111111111
687302,2.222222222,3.222222222
687402,2.222222222,3
687802,3.444444444,3
687902,2.777777778,3.111111111
688002,3.333333333,3
688102,3,3
688402,3.555555556,3
688502,3,3
688602,3,3
688702,3,3.111111111
688802,3,3
689002,2.222222222,2.111111111
689102,2,3.111111111
689402,3.555555556,3.111111111
689502,3.555555556,3.111111111
689802,2.333333333,3.111111111
689902,3.333333333,3
690002,3,2.888888889
690301,3.777777778,3.111111111
690502,3.111111111,3.111111111
690602,3,1.666666667
690902,3.222222222,3.111111111
691002,3.222222222,3
691102,3.111111111,3
691202,3,3.111111111
691302,3.222222222,3
691402,3.222222222,3
691502,3.111111111,3.555555556
691602,3.111111111,3.777777778
691802,3.111111111,3.666666667
692001,4.666666667,3.222222222
692102,4.555555556,4
692202,5,3.444444444
692302,4.555555556,4
692501,4,3.111111111
692601,3.222222222,3.333333333
692902,3,2.666666667
693002,2.333333333,3.111111111
693102,3,3.777777778
693201,4,3.222222222
693302,4,4.555555556
693401,4,3.777777778
694002,3.888888889,3.555555556
694102,4.333333333,3.555555556
694302,4.444444444,3.666666667
694401,4.555555556,3.555555556
694702,4.111111111,3.222222222
694902,4.444444444,3.444444444
695702,4.333333333,3.555555556
696301,5,4.333333333
696602,2.444444444,2.111111111
696702,2.666666667,3.333333333
697702,2.666666667,2.555555556
697902,1,1
698302,4,3.555555556
698402,4,4.222222222
698502,4,4.222222222
698602,5,4.444444444
698702,2.333333333,1.555555556
699101,3,3.111111111
699202,4.333333333,4.222222222
699602,1,1
700002,3.666666667,3
700302,2.222222222,2.222222222
700802,1.222222222,1.666666667
701102,3,3.555555556
701301,4,3.777777778
702202,3.222222222,3.333333333
702402,2.444444444,2.555555556
702403,3.222222222,2.555555556
702601,3.333333333,2.888888889
702702,3.777777778,3.111111111
702802,3.888888889,3.333333333
702902,3.777777778,3.222222222
703002,2.888888889,2.666666667
703102,3.555555556,3.111111111
704302,2.555555556,2.111111111
704702,3.111111111,3.555555556
706602,2.888888889,2.333333333
707302,3.333333333,3
707501,3.333333333,2.888888889
707701,3.222222222,3
707802,2.555555556,2.777777778
707901,4,2.555555556
708202,3.111111111,3
708302,3.111111111,3
708401,3.111111111,3
708502,3.111111111,3
708602,3.444444444,3
708702,3.222222222,3
708802,3.111111111,3
708902,3,2.888888889
709102,2.888888889,2.777777778
709202,3,3
709302,3,3
709402,2.777777778,2.222222222
710801,3,3
710902,3.333333333,3.555555556
711202,3.888888889,2.888888889
711502,3.333333333,3.111111111
713702,3,3.111111111
714902,4,3.333333333
715002,4.333333333,3.666666667
715102,4.555555556,2.888888889
715201,5,3.333333333
715302,4.444444444,3.777777778
715402,3,3
715501,3.444444444,3.222222222
715602,3.222222222,2.888888889
715702,2.888888889,3
715802,3.111111111,3.444444444
715902,3.666666667,3
716002,3.444444444,3.222222222
716101,3.888888889,3.222222222
716202,3.888888889,3
716302,3.555555556,2.777777778
716402,3.111111111,2.777777778
716702,3.777777778,3.222222222
716802,3.777777778,3
716902,3.777777778,3.555555556
717002,3.555555556,3.222222222
717101,2.666666667,2.333333333
717202,4.111111111,2.888888889
717502,2.888888889,2.888888889
717602,2.888888889,2.777777778
717702,3.111111111,3
717801,2.777777778,2.777777778
717902,3,3
718002,3,3
718502,2.333333333,2.777777778
718602,3,3.333333333
718702,3.333333333,3.111111111
718802,3.111111111,3.111111111
718902,3,3.333333333
719002,3,3.444444444
719102,3.333333333,3.555555556
719302,3,3.333333333
719402,3.777777778,3
719502,3.333333333,3.111111111
719602,3,3.222222222
719802,3,3
720002,3,3.111111111
720102,2.444444444,2.444444444
720803,3.777777778,3
720902,2.666666667,2.888888889
721002,3.222222222,3.333333333
721202,2.777777778,2.111111111
721301,2.888888889,2.888888889
722501,4,3.777777778
722602,3,3
722702,3.888888889,3
722902,3.222222222,3
723602,3,3.222222222
723802,3.111111111,2.777777778
723902,2,2
724102,2.444444444,2
724201,3,3
724402,3,3.666666667
724502,3,3.333333333
724602,3.444444444,3.333333333
724702,3,3.111111111
724802,3.222222222,3
724902,2,3.111111111
725002,3.222222222,3.222222222
725102,3,3
725201,3.666666667,3.777777778
725302,3.333333333,3.444444444
725402,3.222222222,3.555555556
725502,2.888888889,3.333333333
725602,3,3.333333333
725702,3.111111111,3
726002,4.666666667,2.666666667
726202,4.333333333,3.555555556
726302,5,3.777777778
726402,4.666666667,3.111111111
726502,4.333333333,3.777777778
726702,4.444444444,3.444444444
726802,3.666666667,3.333333333
726902,4,3
727002,4.111111111,3.777777778
727102,2.333333333,3.222222222
727202,3.222222222,2.555555556
727302,5,3.666666667
727402,5,3.111111111
727502,3,4.666666667
727602,3.222222222,3.111111111
727802,3.111111111,3.111111111
727901,3.222222222,4
728002,3,3
728202,4,1.777777778
728302,3.444444444,3.111111111
728401,3.555555556,3.888888889
728502,3.111111111,3.111111111
728601,3.555555556,3.111111111
728702,3.444444444,3
728902,2.888888889,2.777777778
729002,3.111111111,2.333333333
729302,3.222222222,2.888888889
729402,2.666666667,2.888888889
729502,3,3.111111111
729602,3.111111111,3.222222222
729702,3.111111111,3.222222222
729801,3.111111111,3.111111111
729901,3.111111111,2.777777778
730001,3.111111111,3.111111111
730102,3.222222222,3.111111111
730202,3.111111111,3.333333333
730302,3.555555556,3
730402,3.222222222,3.111111111
730502,3.222222222,3.222222222
730602,3.333333333,3.111111111
730702,3,3.333333333
730802,3,3
730902,3.222222222,3.111111111
731302,2,2.777777778
731402,2.444444444,3
731502,3,3
731602,3.222222222,3.333333333
732002,3,2.888888889
732102,3.111111111,3.111111111
732302,3.111111111,2.555555556
732402,2.444444444,2.444444444
732502,3.222222222,3.222222222
732602,2.888888889,3.111111111
733102,2.888888889,2.666666667
733302,3.222222222,3.333333333
733401,3,3.222222222
733502,3.444444444,3.444444444
733601,3.333333333,3.111111111
733702,3.777777778,3.222222222
733802,3.333333333,3.333333333
733902,3.111111111,3.555555556
734002,3.222222222,3.333333333
734102,3.222222222,2.555555556
734202,3.444444444,3.333333333
734302,3.222222222,3.444444444
734402,3.111111111,3.444444444
734702,3,3.111111111
734802,2.666666667,2.666666667
734902,1.666666667,1.888888889
735002,2.111111111,2.111111111
735101,3.777777778,3.333333333
735202,3.555555556,3.111111111
735401,4.333333333,3
735502,3.777777778,3.222222222
735602,3,3.222222222
735702,3.111111111,3
735802,3.222222222,3
735902,3.222222222,3.222222222
736002,3.222222222,3
736102,3.222222222,3
736302,3.444444444,3
736402,3.777777778,2.555555556
736502,3.111111111,2.777777778
736602,3.444444444,3.222222222
736702,3,3
736801,3.333333333,2.333333333
736902,3.111111111,2
737202,3.111111111,3.444444444
737302,3,3
737402,3.333333333,3
737502,3.111111111,2.444444444
737801,3,3.444444444
738002,3,3
738101,2.777777778,3.111111111
738202,3.111111111,3
738302,3.555555556,3.333333333
738402,2.888888889,2.666666667
738502,3.333333333,3.222222222
738902,3,3
739001,3.555555556,3
739102,3,3
739202,2.888888889,3.111111111
739302,3,3
739402,1.888888889,3
739502,3.111111111,3.111111111
739602,3,3
739702,3,3
739802,3.111111111,3
739902,2.666666667,3
740002,3.111111111,3
740101,2.888888889,3
740202,3.222222222,3.111111111
740302,3,3
740402,3.111111111,3.111111111
740602,3.222222222,3.111111111
740902,3.111111111,3
741002,3.333333333,3
741102,3.555555556,3
741302,2.777777778,3
741402,3.111111111,3
741502,3,3
741602,3.444444444,3
741702,3.111111111,3
741802,2.888888889,3
741902,3,3
742002,3.555555556,2.222222222
742102,3.444444444,3
742202,3,3
742302,3.111111111,3
742402,3.777777778,3
742502,3,3
742602,3.555555556,3
742702,3,3
742801,3.444444444,3.222222222
742901,3.333333333,3
743002,3,3
743101,3.555555556,3
743202,3.111111111,3
743302,3,3
743402,3.111111111,3.222222222
743502,3.111111111,3
743602,3.555555556,3.111111111
744002,3.222222222,3
744003,3,3
744102,2.222222222,3
744202,3.222222222,3
744702,3.222222222,2.888888889
744902,3.222222222,3.111111111
745002,3,3
745102,3.555555556,3.111111111
745202,3.333333333,3
745601,3.333333333,3
745701,3.111111111,3
745802,3.111111111,3.333333333
746002,3.444444444,3.222222222
746102,3,3
746202,2.888888889,2.888888889
746302,3.222222222,2.888888889
746402,2.777777778,3.333333333
746502,3,3.444444444
746601,3.111111111,3
746702,3.222222222,3.111111111
747002,3.111111111,3.555555556
747102,3.444444444,3.333333333
747202,2.555555556,3
747402,3.111111111,3.444444444
747502,3.111111111,3.444444444
747602,3.666666667,3.333333333
747702,3.111111111,3.111111111
747802,3.333333333,2.333333333
747902,3.777777778,3.555555556
748102,3.222222222,3.111111111
748202,3.333333333,3
748302,3,3
748402,3,3
748502,3,2.555555556
748601,3.444444444,3
748702,3,2.888888889
748802,3.333333333,3.555555556
748902,2.888888889,3.111111111
749002,3.222222222,3.222222222
749302,3,3.111111111
749401,3.333333333,3
749602,3,3.111111111
749701,3,3.111111111
749802,3,3.111111111
750002,3.333333333,3
750302,3,3
750502,3.333333333,3.222222222
750602,2.777777778,3
750702,3.111111111,3.111111111
750802,3.555555556,2.777777778
750902,3.111111111,3
751001,3,3
751301,3,3.222222222
751402,2.888888889,3
751502,2.777777778,2.333333333
751601,3.111111111,3
751702,3.333333333,3
751801,3.111111111,3
751901,3,3
752002,3.111111111,3
752702,2.888888889,3.444444444
752901,3,2.666666667
753902,2.111111111,2
754102,1.777777778,2.777777778
754302,4,3.666666667
754402,3.777777778,5
754502,3.222222222,4
754602,3.222222222,4
754803,2.777777778,3.222222222
756002,2,3.333333333
756302,2.111111111,2
756402,3,2
756501,4,4
756602,4,4
756901,2.111111111,2.555555556
757602,4,4
757702,2,3.444444444
758002,3,2.444444444
759002,2,1.444444444
759202,3.333333333,3.888888889
759802,2.555555556,4
760102,3.111111111,3.666666667
760201,3,2.888888889
761202,2.666666667,2.555555556
761302,3.111111111,3.111111111
761402,3.111111111,3.333333333
761502,3.555555556,2.777777778
761702,3.444444444,3
761802,3,3.444444444
761902,3,2.555555556
762002,3,4.666666667
762004,2.555555556,2.777777778
762102,3,2
762202,1.555555556,2.777777778
762502,3.555555556,3
762702,3.444444444,2.555555556
762802,4,3.444444444
763102,3.444444444,3.666666667
763201,4.888888889,3.444444444
763302,3.444444444,3.444444444
763401,4.777777778,3.777777778
763501,3.111111111,3.111111111
763802,2.444444444,2.222222222
763902,2.222222222,2.111111111
764002,3,2.666666667
764302,3.777777778,3.555555556
764402,4,4.111111111
764502,4,3
764602,2.888888889,2.888888889
764702,3.222222222,2.666666667
764802,3,3.666666667
764902,4,3.333333333
765002,4,4
765102,4,3.333333333
765202,4,3.444444444
765302,3.444444444,2.888888889
765402,3.666666667,3
765602,4,3.333333333
765702,3.666666667,2.111111111
765802,4,3.333333333
765902,3.666666667,4
766001,4,2.888888889
766102,4,4
766202,4,3.777777778
766602,4.666666667,3.777777778
766701,3.777777778,3.111111111
766802,3.888888889,2
766901,3.222222222,3
767002,3.666666667,3
767003,3.777777778,2.777777778
767102,3.666666667,2.777777778
767202,3.444444444,3.111111111
767302,3.444444444,3.333333333
767402,3.444444444,3.555555556
767502,3.666666667,3.333333333
767602,3.333333333,3.111111111
767702,3.333333333,3.222222222
767902,3.111111111,2.555555556
768102,3.888888889,2.222222222
768202,3.333333333,3.777777778
768502,2,2
768602,2.555555556,2
768802,4,2.111111111
768902,1.777777778,2.555555556
769702,3.333333333,2.888888889
769802,3.444444444,3.222222222
769902,3,3
770002,5,2.111111111
770102,4,3.555555556
770202,5,3.333333333
770302,4,3.111111111
770401,5,3.333333333
770502,4.444444444,3.111111111
770702,3.666666667,3.222222222
770802,4.222222222,3.333333333
770901,4.333333333,3.444444444
771502,5,2.888888889
771602,5,3.555555556
771802,4,2.111111111
771902,4,3
772102,2.666666667,2.777777778
773302,2.777777778,2
774002,1,3
774402,4.555555556,3.333333333
774902,3.111111111,1
776002,3.111111111,3.222222222
776102,2,2.888888889
776901,3,3.444444444
777202,3.666666667,3.666666667
777302,3.666666667,3.333333333
777402,3,3.555555556
777702,3,3.111111111
777902,3.666666667,3.111111111
778502,2.777777778,2.222222222
778702,3.333333333,2
778801,3,3.555555556
778902,3.333333333,3.333333333
779002,2.333333333,2.888888889
779102,3.222222222,3.222222222
779201,3.555555556,4
779902,3.333333333,3.777777778
780602,3.222222222,3
780901,2.777777778,3.222222222
782702,2.111111111,2
783202,3.777777778,3.555555556
784102,3.222222222,3.333333333
784302,2.444444444,3
784702,3,3.111111111
785302,3,3.111111111
785401,4,3.111111111
785502,3,2.777777778
785602,3,3.111111111
785702,4,3.111111111
785802,3,2
785902,3.777777778,2.222222222
786502,3.666666667,3.555555556
786701,3.333333333,3.555555556
786802,3.222222222,3.222222222
787102,3.111111111,3.555555556
787302,4,3
787402,2.888888889,2
787501,4,3
787602,2.888888889,2.333333333
787702,3.444444444,3
787802,3,3
787902,3,3.111111111
788702,4,3
788802,4,4
789001,3,2.111111111
789502,3,3
789602,3,3.333333333
790302,2,2.333333333
790502,3.666666667,4.222222222
790802,3,2.222222222
791202,3.222222222,4
791302,3.555555556,3
791402,3.666666667,3
791501,3.111111111,4
791802,3.888888889,4
791902,3.777777778,4
792002,3.222222222,4
792102,3.333333333,4
792202,3.777777778,4
792302,3.888888889,4
792402,3.222222222,2.666666667
792502,3.555555556,4
792602,2.777777778,3.222222222
792702,3.333333333,3
792801,3.111111111,3.444444444
793302,3.222222222,4
793502,3.222222222,3.111111111
794002,1,1
794502,2,2.111111111
794602,3.111111111,3
794701,3.444444444,3
795002,3.888888889,3.222222222
795102,3.555555556,4
795302,3.444444444,4
795402,3.333333333,4
795502,3.222222222,4
795902,4.333333333,3.333333333
796002,4.555555556,5
796502,2.888888889,2.888888889
797202,1.444444444,2.111111111
797902,2.777777778,3
798504,2.888888889,3
799402,3.222222222,3.222222222
799502,3.666666667,3.444444444
799602,3.222222222,3.555555556
799702,3.666666667,3.888888889
799802,3.111111111,3.333333333
799901,3.555555556,4.111111111
800102,3.333333333,3
800302,3.333333333,3.777777778
800402,2.888888889,4
801002,2.555555556,3.333333333
802902,3,3.222222222
803002,3.111111111,3.222222222
803102,3.222222222,3.222222222
803202,3.111111111,3.333333333
803402,3.111111111,3.111111111
803901,2.444444444,2.333333333
804001,3,3.444444444
804102,3,3
804202,3.222222222,3
804302,2.888888889,3.555555556
804402,2.888888889,3.333333333
804601,3.333333333,3
804702,3,3
804902,3,2.666666667
805002,3,2.444444444
805102,3.444444444,2.777777778
805202,2.888888889,2.888888889
805301,3.888888889,3
805402,3,3.444444444
805502,3,3.444444444
806001,3.333333333,2.888888889
806102,3.111111111,3.333333333
806202,3.333333333,3.444444444
806302,3.777777778,3.111111111
806402,3.111111111,3.222222222
807003,3.777777778,3.111111111
807102,3.777777778,3.888888889
807202,3.666666667,3.555555556
807302,3.444444444,3.777777778
807402,2.222222222,2.555555556
807502,3.111111111,2.777777778
807702,3,3.222222222
807802,3,3.888888889
807901,3.666666667,3.222222222
808102,3.333333333,3.777777778
808402,3.555555556,3.111111111
808702,3,2.888888889
809002,1.555555556,2.111111111
809102,3,3.222222222
809202,3,3.222222222
809402,3,3.222222222
809502,3,3.333333333
809602,3,3.111111111
809702,3,3.111111111
809802,3,3.111111111
809902,3,2
810001,3,3.111111111
810102,4,2.777777778
810202,3.555555556,2.888888889
810302,4,3.111111111
810402,3,3.222222222
810602,2,3
810702,3,3.111111111
810802,3,3.222222222
810902,2.888888889,3
811002,3,3.333333333
811101,3,3.222222222
811202,3,3.333333333
811302,3,3
811401,3,3.222222222
811502,3,2.777777778
811602,3,2
811702,3,3
811902,3.555555556,2.555555556
812002,3.666666667,3.333333333
812102,3.666666667,3
812202,3,3
812402,2.444444444,2.111111111
812602,3.444444444,3.111111111
813002,2.777777778,2.555555556
813402,3.666666667,3.444444444
813502,3.333333333,3
813602,3.666666667,3
813901,2.777777778,2.555555556
814002,3.111111111,2.555555556
814202,3.444444444,3.555555556
815202,2.555555556,2
815302,2,2
815901,2.888888889,3.111111111
816503,2.333333333,2
816702,3,3
817102,2.666666667,3.111111111
817802,2.222222222,2.222222222
817901,4,3.333333333
818002,2.666666667,2.555555556
818101,3.222222222,3.888888889
819002,3.222222222,2.888888889
819503,2.111111111,3.222222222
820802,3.333333333,3.444444444
820803,3,3.222222222
821302,1,2.888888889
821901,2.888888889,2.777777778
822404,2.777777778,3.111111111
823203,3.111111111,3.111111111
823302,1.777777778,3.333333333
823503,2.666666667,2.666666667
823602,3.333333333,3.444444444
824501,2.444444444,3.222222222
825202,2.555555556,2.444444444
825703,2.888888889,2.222222222
826102,2.333333333,3.111111111
826302,3,2.444444444
826902,3.555555556,3.444444444
827701,3.222222222,3.444444444
828802,2.111111111,3.222222222
828902,2.666666667,2.666666667
829001,3.333333333,3.777777778
829102,3.333333333,3.888888889
829502,2.111111111,3.555555556
829802,3.444444444,3.444444444
830202,3.555555556,3.222222222
830302,3.666666667,3.444444444
830501,2.111111111,3
830702,3.777777778,3.222222222
830802,4.111111111,3.222222222
830902,3.777777778,3.333333333
831002,3.666666667,3.555555556
831102,5,3.222222222
831202,4.333333333,3.111111111
831302,5,3.777777778
831403,3.888888889,3.111111111
831502,3.777777778,3.111111111
831602,4.555555556,3
831902,3.777777778,2.444444444
832002,3.777777778,3
832703,2.444444444,4
833401,5,3.777777778
833802,3.777777778,2.888888889
834202,3.666666667,4
834302,3.777777778,3.222222222
834402,2.444444444,3
834702,2.333333333,2.222222222
834802,5,3
835202,2,2.555555556
835402,2.444444444,2.666666667
835502,3.777777778,2.555555556
835702,2.888888889,3
836302,4.222222222,3.444444444
836602,3,2.666666667
836702,3.444444444,3
837002,2,2.222222222
837302,3,3
837502,2,2
837902,2.555555556,3.111111111
838402,3.444444444,3.555555556
838502,5,3.777777778
838902,2.777777778,3.222222222
839301,3.555555556,3.777777778
840402,1.333333333,2
841102,3,3.111111111
841301,3.222222222,3.666666667
842702,3.777777778,3.777777778
843602,3,2.888888889
843702,3,3.666666667
844002,3,3.666666667
845002,2.888888889,2.777777778
845302,3.777777778,3.111111111
845501,3.444444444,3
845602,3.555555556,2.333333333
846002,2.666666667,2
846701,3.555555556,3.222222222
846802,3.333333333,3.555555556
847002,2.888888889,3.222222222
847102,2.444444444,2.222222222
847302,2.555555556,3
847602,3.111111111,3.222222222
847702,3.222222222,2.666666667
847703,3.111111111,2.555555556
847802,2.111111111,2.333333333
847902,3.222222222,2.444444444
848001,3.333333333,2.222222222
848502,2.222222222,2.444444444
848602,4.111111111,3.222222222
848702,2.888888889,3.222222222
848902,2.888888889,3
849002,2.777777778,3
849401,3,3
849502,2.777777778,3
850802,3.333333333,3
851202,3.666666667,3
851302,3.666666667,4
851702,4,3
851902,3.555555556,2.777777778
852002,3.555555556,3
852202,3.333333333,2.333333333
852502,2.777777778,3.777777778
853002,2.333333333,3
853302,3.666666667,4
853402,2.666666667,2.222222222
853602,2.666666667,2
853902,2.666666667,2.555555556
854102,3.444444444,3
854602,2.111111111,1.333333333
855002,3.111111111,3
855302,2.777777778,3.444444444
855502,3,2.555555556
856302,2.555555556,1.888888889
856702,2.111111111,3
857104,3.888888889,3.444444444
857302,3.777777778,3.444444444
857402,3.666666667,3.555555556
857501,4,3.444444444
858101,3.111111111,3
858202,3,3
858602,3,2.888888889
859103,3.555555556,3.111111111
859202,3.111111111,3.111111111
859302,3,2.888888889
859402,3.111111111,3
859502,3.111111111,3
859902,3.333333333,3
860602,3,3.111111111
861301,3,3
861902,2.888888889,3
862101,3,3
862202,1,3
862302,3,3
862402,1,3
863402,2.666666667,3
863703,2.111111111,3
863802,3,3
864301,2.333333333,3
864602,3,3
864802,1,3
865302,3,2
866402,3.222222222,3.444444444
866502,3,2.888888889
866602,3.444444444,3.444444444
866702,2.444444444,3.444444444
866802,3.555555556,3.666666667
866901,3,2.888888889
867002,3.444444444,3
867401,3.444444444,3.111111111
867502,1.333333333,2.111111111
867701,2.888888889,2.888888889
867901,2.777777778,3.222222222
868001,4,3.777777778
868101,2.666666667,3.333333333
868802,2.666666667,3.111111111
869002,3.111111111,3.555555556
869102,3.888888889,3.333333333
869202,3.555555556,2.888888889
869303,2.888888889,3.222222222
869304,3.444444444,2.888888889
869402,3.777777778,3
870201,1.444444444,2
870302,3.777777778,3
870502,3.111111111,3.555555556
870602,2,2.444444444
870702,4.777777778,3
870802,4,3.111111111
870901,4.666666667,3
870902,2,2.555555556
871002,3.222222222,3.111111111
871202,1.222222222,2.222222222
871502,4,3.222222222
871602,3.555555556,2.555555556
871702,3.777777778,2.666666667
871801,4,3.333333333
871902,4,3.333333333
872002,3.666666667,3.666666667
872102,4,4.555555556
872202,4,3.888888889
872302,4,3.888888889
872402,4,3.666666667
872502,4,3.555555556
872602,4,3.666666667
872701,4,3.444444444
872802,3,3.222222222
872902,4,3.555555556
873002,3.111111111,3.333333333
873102,3.333333333,3.777777778
873202,3.555555556,3.777777778
873302,2.888888889,3.333333333
873602,2.666666667,2.111111111
873802,3.222222222,3.111111111
873902,3.555555556,3.444444444
874002,2.666666667,2.333333333
874302,3.222222222,2.888888889
874503,3.222222222,2.888888889
874702,3,3.333333333
874802,2.888888889,3
874902,4.777777778,3.555555556
875002,4.222222222,2.888888889
875102,4.777777778,3.444444444
875104,3.333333333,2.777777778
875202,4.888888889,2.888888889
875203,4.777777778,3
875302,4,2
875502,2.555555556,2.555555556
876003,3.111111111,4.111111111
876601,3.222222222,3
877002,3.555555556,2.555555556
877102,3.333333333,2.444444444
877202,3,2.444444444
877302,3.111111111,2.111111111
877402,2.777777778,2.777777778
877502,3.444444444,2.444444444
877602,2.444444444,3
877702,3.222222222,2.444444444
877802,3.111111111,2
877803,2.666666667,3
877902,3.222222222,2.666666667
878003,2,1.666666667
878102,2.888888889,3.777777778
878202,2.333333333,2.888888889
878402,4.111111111,3
878502,5,3.333333333
878602,4.666666667,3.222222222
878702,3.666666667,2.888888889
878801,4.444444444,3
878902,3.666666667,2.777777778
879002,3.222222222,3
879102,3.333333333,3.777777778
879202,2.666666667,3
879302,3.777777778,3.666666667
879502,3.555555556,3
879505,3,2
879602,4,3
880002,4.333333333,3
880102,3.111111111,3.888888889
880202,3.777777778,3.444444444
880302,3.777777778,2
880401,2,2.555555556
880802,3,2.222222222
880803,3,2.222222222
881002,3,3
881502,3.222222222,3.111111111
881602,2,2.444444444
881802,3,2
882102,2,1.444444444
882201,3,2.666666667
882304,2,1.666666667
882901,3,4
883102,4,2.222222222
883201,4,3
883901,3,3
884001,2,2
884302,1,2.333333333
884402,3,3
884403,3,3
884502,3,2
884602,3,3
885102,3,2
886102,3,2.777777778
886301,4,3
886401,4,3.111111111
886501,3,2.888888889
886802,2.222222222,3
887502,2,1.111111111
887602,4,2
888102,3.777777778,1.333333333
888202,1.777777778,1.222222222
888404,3,1.777777778
888602,4,4
888902,2.888888889,2.111111111
889202,3.111111111,4
890102,3,3.111111111
890302,3.444444444,3.666666667
890402,3,3.111111111
890502,3,3.444444444
890802,3,3
891102,3,3
891702,3.555555556,2
891801,4,2.111111111
891902,3,2.888888889
892002,3,2.333333333
892401,3,3
893401,3.222222222,3.111111111
894104,2,1.555555556
894501,2,1.777777778
894701,1.222222222,1.222222222
894802,2,1.111111111
894902,1,1.666666667
895002,2,2.222222222
895202,2.777777778,2.555555556
895302,4,2.777777778
895401,4,3
895602,2,2
895801,3,2.444444444
896802,3.555555556,4
897701,3,2.666666667
897901,3.333333333,2.888888889
898101,1.333333333,1.111111111
898601,1.555555556,1
898701,2,1.888888889
899103,2,2
899303,3,3
899402,3.555555556,3.444444444
899602,3.666666667,2.888888889
899702,4,3.222222222
900102,4,3.333333333
900201,2,2.111111111
900302,2,2.555555556
900501,2,2.888888889
900902,2,1.888888889
901402,2,2.777777778
901501,2,1.888888889
901602,2.888888889,2
901901,1.111111111,1.111111111
902001,2.888888889,2
902201,3,2.222222222
902402,2.888888889,2
902502,2.333333333,1.333333333
902802,4,2.222222222
903101,3,1.222222222
903202,2.333333333,3
903402,4,2.555555556
903501,3.111111111,3
903702,3,3
903801,3,3
904102,3.222222222,3
904501,2.777777778,1
904802,4,4
905002,2,4
905102,3.555555556,3
905202,3,3.444444444
905402,3,2.777777778
905502,3,3
905602,3.111111111,3
905702,3.111111111,2.444444444
905802,3,3.777777778
906101,3,3
906302,3,2.555555556
906502,3,3
906602,3,3.111111111
906702,4,3
